{"cameraMode":{"drawMode":0,"name":"Shaded","section":"Shading Mode"},"sceneLighting":true,"audioPlay":false,"sceneViewState":{"m_AlwaysRefresh":false,"showFog":true,"showSkybox":true,"showFlares":true,"showImageEffects":true,"showParticleSystems":true,"showVisualEffectGraphs":true,"m_FxEnabled":true},"in2DMode":false,"pivot":{"x":0.010000228881835938,"y":-2.200000047683716,"z":0.33899974822998049},"rotation":{"x":0.1559472531080246,"y":-0.7530611157417297,"z":0.19268925487995149,"w":0.6094673871994019},"size":72.29812622070313,"orthographic":true}